SeqLen,Comp Fwd(ms),SDPA Fwd(ms),Tri Fwd(ms),Naive Train(ms),Comp Train(ms),SDPA Train(ms),Tri Train(ms),SDPA Mem(MB),Tri Mem(MB),Naive TFLOPS,SDPA TFLOPS,Tri TFLOPS,Speedup (Train)
128,0.01376278419047594,0.013638399541378021,0.01050663273781538,0.8672902584075928,0.7731159329414368,0.3235945999622345,1.453886866569519,7.5322265625,5.5322265625,0.4642657750351078,1.2443136691619459,0.2769494609646415,0.22257206348232839
256,0.02038336731493473,0.020446736365556717,0.01642777770757675,1.4495750665664673,1.3498578071594238,0.34520214796066284,1.460456132888794,32.3134765625,28.3134765625,1.1110930183250007,4.665708905680204,1.1028148670334899,0.23636598196061542
512,0.04470246285200119,0.04478246346116066,0.035187095403671265,1.269986867904663,1.3558063507080078,0.29050031304359436,1.1882704496383667,48.3759765625,40.3759765625,5.072848473330536,22.17708778521421,5.42170424751425,0.24447322840688668
1024,0.10446380078792572,0.10490432381629944,0.10376910865306854,1.4986960887908936,1.3407846689224243,0.3759491741657257,1.462809443473816,80.5009765625,64.5009765625,17.19481619304843,68.54597787902088,17.616651226152193,0.2570048859357498
2048,0.35559001564979553,0.3554365932941437,0.36963558197021484,7.010926246643066,1.3652746677398682,1.2991607189178467,3.3220038414001465,144.7509765625,112.7509765625,14.702652898874216,79.34292778637983,31.02922814819941,0.3910774282459231
4096,1.347792387008667,1.34786057472229,1.3659263849258423,25.4511661529541,4.928005218505859,4.928429126739502,12.804097175598145,273.2509765625,209.2509765625,16.200313099136427,83.66090894539781,32.201947139372486,0.3849103188729329
8192,5.098542213439941,5.099478721618652,5.272504806518555,98.99113464355469,18.69784164428711,18.699296951293945,50.73100662231445,530.2509765625,402.2509765625,16.660759042743063,88.19943583760646,32.51004763107847,0.36859700203679585
16384,19.884456634521484,19.88172721862793,20.959510803222656,,72.45516967773438,72.45340728759766,200.9159698486328,1044.2509765625,788.2509765625,,91.05258142615006,32.83496962250506,0.36061547194174265
32768,79.0726089477539,79.06304168701172,84.06320190429688,,286.58892822265625,286.7079772949219,800.7229614257812,2072.2509765625,1560.2509765625,,92.03887284754452,32.955566828802525,0.3580613909015481
